연도,선수명,팀명,ERA,G,W,L,SV,HLD,WPCT,IP,H,HR,BB,HBP,SO,R,ER,WHIP,CG,SHO,QS,BSV,TBF,NP,AVG,2B,3B,SAC,SF,IBB,WP,BK,GS,Wgs,Wgr,GF,SVO,TS,GDP,GO,AO,GO/AO
2002,엘비라,삼성,2.5,22,13,6,0,0,0.684,137,115,7,52,4,111,44,38,1.22,0,0,16,0,570,2228,0.23,22,2,11,2,1,8,0,21,13,0,1,0,0,4,122,155,0.79
2002,송진우,한화,2.99,31,18,7,0,0,0.72,220,199,16,54,11,165,82,73,1.15,8,1,21,0,905,3411,0.242,36,3,14,2,2,2,1,30,18,0,8,0,0,16,299,163,1.83
2002,임창용,삼성,3.08,36,17,6,2,0,0.739,204+1/3,188,24,34,24,160,82,70,1.09,0,0,16,0,841,3103,0.245,38,3,10,5,4,2,0,29,14,3,4,1,0,13,209,216,0.97
2002,리오스,KIA,3.14,54,14,5,13,1,0.737,157+2/3,140,14,44,24,102,59,55,1.17,3,0,9,0,662,2365,0.237,18,0,2,2,2,5,0,13,8,6,39,24,4,10,214,136,1.57
2002,이승호,SK,3.15,27,6,12,0,0,0.333,142+2/3,120,18,40,5,144,55,50,1.12,1,0,13,0,582,2289,0.229,31,2,9,3,4,2,0,19,5,1,6,1,0,8,129,135,0.96
2002,채병용,SK,3.19,51,7,9,11,2,0.438,141,120,20,44,9,126,51,50,1.16,2,2,8,0,578,2398,0.231,19,2,4,1,3,4,1,15,6,1,23,13,3,10,148,127,1.17
2002,키퍼,KIA,3.34,32,19,9,0,0,0.679,202+1/3,172,24,52,16,135,84,75,1.11,2,0,20,0,823,3144,0.233,21,1,10,7,2,12,0,32,19,0,2,0,0,13,171,267,0.64
2002,박명환,두산,3.44,30,14,10,0,0,0.583,185+2/3,173,12,68,7,169,78,71,1.3,0,0,17,0,782,2904,0.25,30,4,9,5,2,5,1,29,14,0,0,0,0,17,191,165,1.16
2002,손민한,롯데,3.67,23,4,9,0,0,0.308,142+1/3,144,19,30,4,82,68,58,1.22,2,1,13,0,586,2109,0.266,28,4,7,4,1,5,0,22,4,0,2,0,0,24,187,132,1.42
2002,구자운,두산,3.79,32,8,8,1,0,0.5,133,134,6,58,7,95,64,56,1.44,0,0,8,0,580,2225,0.27,36,3,12,7,1,2,0,23,6,2,2,2,0,10,103,171,0.6
2002,레스,두산,3.87,31,16,8,0,0,0.667,202+1/3,202,19,69,8,154,97,87,1.34,1,0,18,0,867,3158,0.261,28,3,17,0,1,5,0,31,16,0,1,0,0,20,273,144,1.9
2002,이상훈,두산,3.91,70,4,10,2,6,0.286,133+2/3,129,9,40,10,93,59,58,1.26,0,0,2,0,567,2025,0.258,18,3,15,2,5,6,0,8,1,3,19,9,0,12,171,109,1.57
2002,콜,두산,4.01,27,12,6,0,0,0.667,157,152,11,73,8,114,71,70,1.43,2,2,15,0,678,2680,0.26,17,5,5,7,1,10,0,27,12,0,2,0,0,12,160,166,0.96
2002,김진우,KIA,4.07,33,12,11,0,0,0.522,188,201,20,67,11,177,94,85,1.43,4,1,13,0,818,2987,0.277,23,3,11,4,1,14,1,29,12,0,4,0,0,16,236,115,2.05
2002,토레스,현대,4.19,28,10,11,0,0,0.476,180+1/3,182,21,64,21,97,97,84,1.36,3,2,15,0,778,2920,0.268,32,1,9,4,1,11,0,28,10,0,3,0,0,18,253,152,1.66
2002,만자니오,LG,4.32,31,8,11,0,1,0.421,162+1/3,161,13,94,21,122,85,78,1.57,2,0,14,0,735,3092,0.267,27,3,12,4,2,3,2,29,8,0,2,0,0,16,167,158,1.06
2002,염종석,롯데,4.36,31,8,14,0,0,0.364,159,180,15,36,15,108,93,77,1.36,0,0,13,0,690,2491,0.286,31,3,8,2,1,2,0,30,8,0,1,0,0,21,202,141,1.43
2002,최원호,LG,4.41,31,6,11,0,0,0.353,138+2/3,127,19,61,17,53,70,68,1.36,0,0,9,0,597,2323,0.249,26,3,6,3,2,8,0,27,6,0,1,0,0,18,168,165,1.02
2002,최상덕,KIA,4.47,24,8,7,0,0,0.533,133,150,23,33,4,79,79,66,1.38,1,0,8,0,578,2200,0.281,20,2,5,3,1,2,0,23,8,0,2,0,0,11,141,166,0.85
2002,제춘모,SK,4.68,30,9,7,0,0,0.563,146,154,18,51,11,93,90,76,1.4,0,0,11,0,647,2389,0.267,29,2,3,5,2,4,1,27,9,0,2,0,0,8,176,159,1.11
2002,김수경,현대,4.88,27,12,10,0,0,0.545,151+1/3,155,25,58,2,130,84,82,1.41,0,0,12,0,657,2670,0.267,28,2,12,5,1,8,0,27,12,0,0,0,0,8,132,168,0.79
2002,정민철,한화,5.35,26,7,13,0,0,0.35,138,144,19,39,9,116,83,82,1.33,0,0,12,0,599,2376,0.27,26,5,9,8,1,4,1,24,6,1,0,0,0,5,126,156,0.81
2003,바워스,현대,3.01,24,13,4,1,1,0.765,143+2/3,145,12,46,9,85,58,48,1.33,0,0,16,0,601,2353,0.273,20,1,11,3,0,5,0,22,13,0,1,1,0,14,147,158,0.93
2003,이승호,LG,3.19,31,11,11,0,0,0.5,191+2/3,151,17,103,9,157,76,68,1.33,1,1,20,0,817,3361,0.223,21,3,22,7,3,6,0,30,10,1,2,1,0,14,156,219,0.71
2003,정민태,현대,3.31,29,17,2,0,0,0.895,177,179,17,42,5,122,76,65,1.25,1,0,16,0,741,2769,0.263,29,1,10,4,1,3,0,29,17,0,1,0,0,13,216,167,1.29
2003,김진우,KIA,3.45,24,11,5,0,0,0.688,169+1/3,150,9,63,12,146,68,65,1.26,4,2,17,0,707,2700,0.244,20,2,14,3,1,10,0,24,11,0,4,0,0,16,213,109,1.95
2003,이상목,한화,3.54,33,15,7,1,1,0.682,185+1/3,203,18,29,4,118,78,73,1.25,1,1,17,0,774,2826,0.282,43,3,15,5,2,2,1,29,14,1,3,3,0,17,193,212,0.91
2003,임창용,삼성,3.55,28,13,3,1,0,0.813,147,141,15,44,15,85,63,58,1.26,1,1,14,0,618,2235,0.256,31,3,7,1,1,1,0,26,13,0,3,1,0,14,160,166,0.96
2003,이리키,두산,3.74,39,7,11,5,0,0.389,159,155,17,53,9,87,68,66,1.31,5,1,12,0,676,2315,0.262,33,3,17,5,3,2,0,20,7,0,23,5,3,13,156,199,0.78
2003,키퍼,두산,3.79,29,8,7,0,0,0.533,168+2/3,160,15,46,17,77,78,71,1.22,3,1,14,0,711,2591,0.254,26,2,16,1,2,2,0,29,8,0,3,0,0,12,189,206,0.92
2003,리오스,KIA,3.82,30,10,13,0,0,0.435,188+2/3,186,19,62,28,121,93,80,1.31,2,0,19,0,820,3086,0.263,42,1,15,8,1,5,0,30,10,0,2,0,0,15,239,169,1.41
2003,정민철,한화,4.0,26,11,10,0,0,0.524,139+2/3,132,18,51,4,73,65,62,1.31,0,0,10,0,598,2245,0.249,19,2,5,7,1,6,1,26,11,0,0,0,0,6,141,192,0.73
2003,김진웅,삼성,4.05,32,9,11,1,0,0.45,153+1/3,151,19,70,5,99,75,69,1.44,0,0,11,0,672,2640,0.264,23,1,18,5,2,6,1,25,7,2,4,2,1,8,145,183,0.79
2003,스미스,SK,4.2,30,7,10,0,0,0.412,152,157,9,61,9,82,84,71,1.43,1,1,11,0,662,2546,0.275,26,1,15,6,1,4,1,27,7,0,2,0,0,15,219,119,1.84
2003,배영수,삼성,4.51,30,13,5,0,0,0.722,163+2/3,174,11,77,7,99,85,82,1.53,1,0,12,0,722,2803,0.281,38,4,10,8,0,12,1,30,13,0,1,0,0,11,172,183,0.94
2003,김수경,현대,4.63,29,10,9,0,0,0.526,167,184,14,70,4,121,96,86,1.52,1,1,13,0,738,2991,0.286,34,2,14,6,0,12,0,29,10,0,1,0,0,13,154,191,0.81
2004,박명환,두산,2.5,26,12,3,0,0,0.8,158+2/3,130,4,52,7,162,50,44,1.15,0,0,15,0,651,2583,0.224,15,0,9,2,1,8,0,26,12,0,0,0,0,17,174,117,1.49
2004,레스,두산,2.6,29,17,8,0,0,0.68,200+2/3,189,12,57,15,116,68,58,1.23,4,2,21,0,831,2986,0.256,20,2,18,4,3,6,0,29,17,0,4,0,0,23,255,181,1.41
2004,배영수,삼성,2.61,35,17,2,0,0,0.895,189+2/3,163,6,74,11,144,65,55,1.25,4,2,17,0,792,3083,0.237,21,1,10,9,1,13,1,27,16,1,5,1,0,14,218,172,1.27
2004,리오스,KIA,2.87,32,17,8,0,0,0.68,222+2/3,209,10,70,25,145,75,71,1.25,3,2,23,0,932,3506,0.254,27,1,11,2,1,3,0,32,17,0,3,0,0,25,254,218,1.17
2004,권오준,삼성,3.23,47,11,5,2,7,0.688,153+1/3,128,15,40,7,142,56,55,1.1,0,0,7,0,619,2373,0.229,28,1,12,2,2,3,0,17,9,2,6,13,0,9,153,137,1.12
2004,피어리,현대,3.32,28,16,6,0,0,0.727,181+2/3,166,24,61,9,130,73,67,1.25,0,0,20,0,759,2936,0.245,24,1,11,1,0,1,1,28,16,0,0,0,0,20,236,146,1.62
2004,송진우,한화,3.61,28,11,8,1,0,0.579,172,162,19,44,7,100,73,69,1.2,1,0,16,0,729,2692,0.246,27,1,15,4,1,5,0,26,11,0,3,0,0,9,206,195,1.06
2004,박지철,롯데,3.87,27,9,7,0,0,0.563,139+2/3,131,9,60,6,94,62,60,1.37,1,1,11,0,600,2407,0.253,33,1,8,8,1,7,0,26,9,0,1,0,0,12,162,139,1.17
2004,오재영,현대,3.99,30,10,9,0,0,0.526,149,135,16,53,5,113,71,66,1.26,1,0,12,0,625,2540,0.241,28,1,5,2,0,5,1,25,10,0,2,0,0,11,156,158,0.99
2004,이승호,SK,3.99,31,15,9,0,1,0.625,169,160,21,87,13,145,87,75,1.46,1,0,12,0,743,3091,0.256,25,1,15,2,2,2,0,30,15,0,1,1,0,14,145,178,0.81
2004,김수경,현대,4.01,26,11,8,0,0,0.579,152+2/3,151,14,62,3,100,74,68,1.4,0,0,15,0,668,2607,0.257,28,2,8,7,0,7,1,26,11,0,0,0,0,7,139,205,0.68
2004,장문석,LG,4.03,28,10,8,1,0,0.556,152,168,15,55,8,75,73,68,1.47,0,0,12,0,657,2596,0.291,36,0,11,5,3,1,0,27,10,0,1,1,0,13,151,189,0.8
2004,마뇽,KIA,4.17,34,8,9,0,1,0.471,155+1/3,156,15,63,9,83,76,72,1.41,1,1,12,0,672,2456,0.27,26,6,14,8,0,1,0,26,8,0,4,2,0,14,151,196,0.77
2004,김원형,SK,4.2,30,8,6,1,1,0.571,135,147,19,41,10,78,70,63,1.39,1,0,8,0,588,2132,0.281,23,0,10,3,0,2,1,20,8,0,4,2,0,15,173,129,1.34
2004,호지스,삼성,4.24,30,9,10,0,0,0.474,163+1/3,158,15,81,21,123,91,77,1.46,0,0,13,0,719,2796,0.262,27,3,12,3,1,9,1,27,9,0,2,1,0,20,203,121,1.68
2004,김진웅,삼성,4.32,35,9,7,0,2,0.563,135+1/3,126,12,75,8,99,73,65,1.49,0,0,7,0,597,2453,0.255,20,1,16,4,2,3,1,24,8,1,2,1,0,12,124,149,0.83
2004,김광삼,LG,4.47,31,8,7,0,1,0.533,151,164,9,76,11,109,85,75,1.59,2,0,12,0,688,2755,0.279,20,3,9,4,2,10,0,26,7,1,2,1,0,12,154,165,0.93
2004,정민태,현대,5.0,28,7,14,0,0,0.333,165+2/3,193,21,42,8,123,109,92,1.42,1,0,15,0,721,2757,0.293,35,3,10,3,0,9,0,28,7,0,1,0,0,16,204,141,1.45
2004,송창식,한화,5.13,26,8,7,0,0,0.533,140+1/3,143,15,63,8,80,83,80,1.47,1,0,10,0,620,2428,0.268,33,1,7,8,1,7,1,24,8,0,3,0,0,10,154,165,0.93
2004,강철민,KIA,5.33,31,8,12,1,0,0.4,145+1/3,159,14,61,13,86,94,86,1.51,1,0,9,0,650,2429,0.282,34,4,10,3,1,9,0,26,8,0,4,0,0,15,165,156,1.06
2005,손민한,롯데,2.46,28,18,7,1,0,0.72,168+1/3,149,9,38,2,105,54,46,1.11,1,0,19,0,678,2433,0.24,23,1,13,4,2,4,0,26,17,1,3,1,0,19,246,125,1.97
2005,배영수,삼성,2.86,31,11,11,2,1,0.5,173,148,10,48,11,147,61,55,1.13,2,1,17,0,713,2637,0.233,23,5,17,3,2,14,0,26,11,0,5,4,1,11,180,162,1.11
2005,랜들,두산,3.25,29,12,7,0,0,0.632,149+2/3,163,18,47,15,111,59,54,1.4,1,1,14,0,658,2552,0.279,23,2,7,5,1,3,0,26,11,1,1,0,0,13,136,179,0.76
2005,황두성,현대,3.29,60,11,9,1,7,0.55,128+2/3,106,15,41,6,137,53,47,1.14,0,0,4,0,535,2140,0.223,19,1,10,2,1,5,0,5,2,9,17,10,0,6,100,135,0.74
2005,신승현,SK,3.38,30,12,9,0,0,0.571,154+2/3,146,12,45,12,91,70,58,1.23,2,2,12,0,653,2457,0.25,23,2,9,3,0,4,0,22,11,1,3,0,0,10,187,163,1.15
2005,김원형,SK,3.41,30,14,8,0,0,0.636,171+2/3,172,17,30,15,94,73,65,1.18,0,0,17,0,715,2477,0.263,27,1,13,2,0,1,0,30,14,0,0,1,0,18,230,161,1.43
2005,문동환,한화,3.47,26,10,9,0,0,0.526,173+2/3,174,12,57,3,103,74,67,1.33,1,0,18,0,739,2746,0.265,31,2,18,5,2,3,0,26,10,0,1,0,0,7,205,179,1.15
2005,리오스,두산,3.51,32,15,12,0,0,0.556,205+1/3,203,20,57,17,147,88,80,1.27,3,0,18,0,856,3139,0.267,28,1,19,2,0,4,1,32,15,0,3,0,0,22,217,196,1.11
2005,송진우,한화,3.81,23,11,7,0,0,0.611,127+2/3,126,13,42,7,88,61,54,1.32,1,1,12,0,551,2139,0.259,16,0,15,1,1,2,0,22,11,0,1,0,0,11,166,107,1.55
2005,김진우,KIA,3.91,31,6,10,1,0,0.375,145,126,10,61,12,123,71,63,1.29,6,1,11,0,623,2416,0.237,19,0,14,5,1,10,1,23,6,0,11,1,0,14,186,101,1.84
2005,캘러웨이,현대,3.97,32,16,9,0,0,0.64,197+1/3,206,17,54,12,103,99,87,1.32,0,0,17,0,848,3121,0.269,26,5,12,3,0,3,0,31,16,0,0,0,0,20,288,173,1.66
2005,최원호,LG,4.07,27,13,6,0,0,0.684,163+2/3,153,17,60,15,106,79,74,1.3,0,0,13,0,704,2820,0.253,27,2,15,9,6,3,0,27,13,0,0,0,0,11,170,185,0.92
2005,김해님,한화,4.28,32,6,8,1,2,0.429,128+1/3,152,12,30,10,61,66,61,1.42,0,0,8,0,554,1863,0.303,20,0,9,4,0,1,0,21,6,0,1,4,0,17,178,114,1.56
2005,바르가스,삼성,5.06,26,10,8,0,0,0.556,128,120,12,63,7,66,78,72,1.43,0,0,8,0,561,2252,0.253,22,3,12,4,0,10,1,26,10,0,0,0,0,14,172,121,1.42
2005,손승락,현대,5.43,26,5,10,0,0,0.333,134+1/3,154,18,48,10,80,81,81,1.5,1,0,8,0,599,2326,0.294,24,3,12,6,0,6,1,23,5,0,2,0,0,9,160,135,1.19
2006,류현진,한화,2.23,30,18,6,1,0,0.75,201+2/3,159,11,52,2,204,57,50,1.05,6,1,18,0,800,3020,0.221,28,1,24,3,3,6,0,28,18,0,8,1,0,8,169,190,0.89
2006,브라운,삼성,2.68,27,11,9,0,0,0.55,154+1/3,118,14,44,13,92,50,46,1.05,1,0,15,0,625,2391,0.214,18,3,11,6,1,3,0,26,11,0,1,0,0,9,158,189,0.84
2006,손민한,롯데,2.78,25,10,8,1,0,0.556,161+2/3,147,4,39,9,96,54,50,1.15,2,1,15,0,664,2399,0.247,27,1,16,3,6,3,0,24,10,0,3,1,1,11,216,140,1.54
2006,이혜천,두산,2.79,32,8,6,0,1,0.571,142,119,4,56,12,104,52,44,1.23,0,0,10,0,594,2224,0.235,20,0,11,8,0,5,1,22,8,0,1,1,0,17,179,113,1.58
2006,장원삼,현대,2.85,29,12,10,0,0,0.545,183+1/3,146,19,63,5,142,60,58,1.14,0,0,19,0,743,2914,0.223,25,0,17,2,0,3,0,29,12,0,0,0,0,14,168,202,0.83
2006,캘러웨이,현대,2.87,27,14,7,0,0,0.667,166+1/3,171,4,35,8,95,61,53,1.24,0,0,18,0,703,2532,0.264,19,2,12,1,0,4,0,27,14,0,0,0,0,17,262,120,2.18
2006,리오스,두산,2.9,34,12,16,0,0,0.429,233,204,14,49,15,145,86,75,1.09,4,1,24,0,945,3485,0.24,25,3,25,7,1,8,0,33,11,1,4,0,0,19,267,240,1.11
2006,배영수,삼성,2.92,32,8,9,0,4,0.471,157+1/3,142,13,38,9,133,56,51,1.14,0,0,11,0,647,2451,0.245,30,1,17,4,2,1,0,25,7,1,0,4,0,10,174,134,1.3
2006,랜들,두산,2.95,30,16,8,0,0,0.667,192+1/3,170,14,58,10,142,66,63,1.19,2,2,19,0,795,3060,0.245,23,5,24,8,2,2,0,30,16,0,2,0,0,12,175,216,0.81
2006,그레이싱어,KIA,3.02,29,14,12,0,0,0.538,188,151,10,47,12,164,65,63,1.05,2,0,19,0,753,2958,0.223,26,1,14,2,0,3,0,29,14,0,2,0,0,13,197,168,1.17
2006,문동환,한화,3.05,31,16,9,1,0,0.64,189,186,10,67,11,85,78,64,1.34,4,2,18,0,798,2911,0.263,19,2,12,1,0,5,0,29,15,1,5,1,0,21,252,185,1.36
2006,채병용,SK,3.07,27,7,8,0,0,0.467,152+2/3,136,10,55,9,97,60,52,1.25,0,0,12,0,640,2452,0.245,19,1,14,6,2,2,1,25,7,0,1,0,0,17,168,161,1.04
2006,이상목,롯데,3.25,23,12,8,0,0,0.6,138+2/3,132,17,23,5,50,63,50,1.12,1,0,15,0,566,2010,0.253,26,1,12,5,0,2,0,23,12,0,1,0,0,10,167,177,0.94
2006,한기주,KIA,3.26,44,10,11,1,8,0.476,140+2/3,117,8,52,12,78,57,51,1.2,0,0,5,1,584,2207,0.232,20,0,14,2,1,8,0,17,3,7,7,6,0,19,179,132,1.36
2006,하리칼라,삼성,3.33,23,12,7,0,0,0.632,135+1/3,131,14,26,6,70,60,50,1.16,0,0,13,0,552,1953,0.26,23,0,15,1,0,1,0,23,12,0,0,0,0,16,171,132,1.3
2006,전준호,현대,3.39,30,14,4,1,0,0.778,143+1/3,141,7,60,12,82,56,54,1.4,1,0,13,0,627,2418,0.259,22,1,8,2,0,5,0,23,14,0,5,1,0,12,161,163,0.99
2006,정재복,LG,3.59,29,7,10,0,0,0.412,143,126,9,49,3,63,64,57,1.22,0,0,14,0,591,2247,0.244,20,2,19,3,2,2,0,23,6,1,3,0,0,9,146,185,0.79
2006,송진우,한화,3.6,26,8,8,0,0,0.5,147+1/3,147,10,47,9,94,64,59,1.32,0,0,12,0,624,2371,0.265,23,0,14,0,1,6,0,26,8,0,0,0,0,20,186,127,1.46
2006,장원준,롯데,3.61,29,7,12,0,0,0.368,179+2/3,152,14,75,9,130,85,72,1.26,1,0,18,0,755,2952,0.233,33,1,17,3,1,2,1,28,7,0,1,0,0,13,208,164,1.27
2006,염종석,롯데,3.72,25,6,9,0,0,0.4,128+1/3,146,7,31,5,62,62,53,1.38,0,0,10,0,547,1922,0.295,19,2,12,4,0,2,0,25,6,0,0,0,0,14,160,131,1.22
2006,전병호,삼성,3.9,35,10,8,0,2,0.556,134,146,10,47,5,65,69,58,1.44,0,0,7,0,584,2109,0.285,26,2,15,5,0,3,2,21,10,0,4,2,0,13,168,138,1.22
2006,윤길현,SK,3.9,32,5,9,1,2,0.357,140+2/3,126,13,54,7,91,66,61,1.28,0,0,6,0,594,2275,0.243,23,1,11,4,1,6,0,24,5,0,2,3,0,10,133,172,0.77
2006,임동규,삼성,3.91,34,8,7,0,3,0.533,138,136,20,41,8,59,69,60,1.28,0,0,10,0,588,2263,0.262,29,1,15,4,1,1,1,23,8,0,2,2,0,5,114,215,0.53
2006,정민철,한화,3.93,25,7,13,0,0,0.35,130+2/3,142,18,42,5,62,68,57,1.41,0,0,6,0,563,2113,0.284,16,2,12,4,0,6,1,24,7,0,0,0,0,11,160,140,1.14
2006,김원형,SK,4.07,24,5,9,0,0,0.357,139+1/3,152,11,41,13,52,69,63,1.39,0,0,14,0,603,2099,0.286,30,2,14,3,0,1,0,23,5,0,0,0,0,11,185,146,1.27
2006,심수창,LG,4.38,29,10,9,0,0,0.526,135+2/3,147,17,52,8,56,73,66,1.47,0,0,10,0,595,2182,0.286,19,4,17,4,2,5,1,24,10,0,1,1,0,19,175,140,1.25
2007,리오스,두산,2.07,33,22,5,0,0,0.815,234+2/3,191,8,58,16,147,69,54,1.06,6,4,26,0,947,3566,0.223,26,3,10,6,2,5,0,33,22,0,6,0,0,21,302,223,1.35
2007,채병용,SK,2.84,28,11,8,0,0,0.579,146,137,8,47,5,84,51,46,1.26,0,0,15,0,610,2321,0.255,19,1,14,6,4,3,1,23,11,0,4,0,0,14,159,164,0.97
2007,정민철,한화,2.9,26,12,5,0,0,0.706,155+1/3,155,11,32,8,66,58,50,1.2,1,1,15,0,638,2313,0.268,29,0,11,8,1,3,1,26,12,0,1,0,0,13,205,161,1.27
2007,류현진,한화,2.94,30,17,7,0,0,0.708,211,195,15,68,3,178,74,69,1.25,6,1,22,0,867,3349,0.251,39,1,17,1,4,6,0,30,17,0,6,0,0,19,240,166,1.45
2007,랜들,두산,3.12,28,12,8,0,0,0.6,164+1/3,142,16,55,10,113,60,57,1.2,0,0,17,0,684,2664,0.235,21,2,10,5,4,3,0,28,12,0,0,0,0,10,152,202,0.75
2007,박명환,LG,3.19,27,10,6,0,0,0.625,155+1/3,133,11,72,4,117,59,55,1.32,0,0,19,0,659,2583,0.235,32,4,9,7,0,7,1,26,10,0,0,0,0,14,141,183,0.77
2007,레이번,SK,3.27,32,17,8,0,0,0.68,184+2/3,167,13,86,13,98,74,67,1.37,1,0,17,0,800,3176,0.246,20,1,15,7,0,2,0,32,17,0,1,0,0,22,220,201,1.09
2007,브라운,삼성,3.33,30,12,8,0,0,0.6,162+1/3,155,10,43,14,68,65,60,1.22,0,0,10,0,681,2525,0.257,22,3,14,6,1,2,1,30,12,0,0,0,0,14,195,192,1.02
2007,손민한,롯데,3.34,30,13,10,0,0,0.565,194,191,17,48,2,95,74,72,1.23,0,0,19,0,797,2831,0.263,27,4,18,3,4,4,0,30,13,0,0,0,0,12,232,211,1.1
2007,장원삼,현대,3.63,30,9,10,0,0,0.474,168+2/3,152,16,75,3,132,80,68,1.35,0,0,13,0,719,2806,0.241,30,2,7,2,0,4,0,30,9,0,0,0,0,13,159,191,0.83
2007,로마노,SK,3.69,32,12,4,0,0,0.75,146+1/3,158,9,67,5,81,72,60,1.54,0,0,13,0,651,2521,0.28,15,0,11,4,0,3,0,25,11,1,4,0,0,18,184,145,1.27
2007,윤석민,KIA,3.78,28,7,18,0,0,0.28,162,161,10,59,15,104,76,68,1.36,2,1,14,0,703,2623,0.266,33,2,23,1,1,2,0,26,7,0,2,0,0,14,207,134,1.54
2007,김수경,현대,3.88,30,12,7,0,0,0.632,176+1/3,170,19,61,2,127,85,76,1.31,0,0,13,0,750,2898,0.253,31,5,11,3,1,4,0,30,12,0,0,0,0,10,198,181,1.09
2007,스코비,KIA,3.92,22,8,10,0,0,0.444,126+1/3,123,11,62,5,58,57,55,1.46,0,0,14,0,543,1971,0.269,33,0,15,4,6,4,0,20,8,0,1,0,0,17,178,102,1.75
2007,전병호,삼성,4.06,32,8,8,0,2,0.5,137+1/3,148,11,41,4,39,71,62,1.38,0,0,9,1,582,2108,0.287,30,2,17,4,0,2,0,25,7,1,0,2,0,20,202,131,1.54
2007,세드릭,한화,4.15,28,11,13,0,0,0.458,158+1/3,143,7,104,10,140,81,73,1.56,0,0,14,0,714,2960,0.246,25,0,11,8,4,11,0,28,11,0,0,0,0,10,160,146,1.1
2007,정재복,LG,4.42,44,6,5,1,2,0.545,126+1/3,134,6,38,2,71,65,62,1.36,0,0,5,0,541,2061,0.277,25,5,11,7,3,4,0,13,4,2,8,3,0,13,116,169,0.69
2007,황두성,현대,4.45,46,7,9,1,3,0.438,139+2/3,121,13,51,1,142,76,69,1.23,0,0,6,0,590,2437,0.233,16,4,12,5,1,6,3,17,5,2,6,3,0,4,109,153,0.71
2007,장원준,롯데,4.67,32,8,12,0,0,0.4,156,171,14,69,9,103,87,81,1.54,0,0,15,0,707,2708,0.281,29,1,13,8,7,10,0,28,8,0,1,1,0,13,179,163,1.1
2007,전준호,현대,4.75,26,6,10,0,0,0.375,142,145,23,60,6,73,79,75,1.44,0,0,9,0,625,2273,0.27,30,2,19,3,3,4,0,26,6,0,0,0,0,8,133,189,0.7
2008,윤석민,KIA,2.33,24,14,5,0,1,0.737,154+2/3,121,10,42,4,119,45,40,1.05,1,0,18,0,612,2305,0.214,13,3,1,0,0,2,0,23,14,0,1,1,0,12,170,155,1.1
2008,김광현,SK,2.39,27,16,4,0,0,0.8,162,127,9,63,2,150,50,43,1.17,1,1,18,0,659,2538,0.218,13,0,11,0,1,3,0,27,16,0,1,0,0,14,168,138,1.22
2008,봉중근,LG,2.66,28,11,8,0,0,0.579,186+1/3,153,13,68,12,140,66,55,1.19,0,0,18,0,767,2958,0.227,27,4,8,5,0,6,0,28,11,0,0,0,0,14,207,179,1.16
2008,채병용,SK,2.7,27,10,2,0,1,0.833,136+2/3,126,10,43,6,81,43,41,1.24,0,0,11,0,569,2213,0.247,16,3,6,3,1,2,0,23,10,0,0,1,0,10,139,168,0.83
2008,장원삼,우리,2.85,27,12,8,0,0,0.6,167+1/3,145,9,57,2,126,54,53,1.21,2,2,14,0,674,2656,0.24,26,1,6,4,1,3,1,27,12,0,2,0,0,16,150,188,0.8
2008,손민한,롯데,2.97,26,12,4,0,0,0.75,179,183,12,40,1,80,66,59,1.25,1,0,21,0,733,2565,0.27,21,3,12,3,4,5,0,26,12,0,1,0,0,22,250,167,1.5
2008,레이번,SK,3.3,26,5,3,0,0,0.625,133+2/3,129,9,65,10,68,55,49,1.45,0,0,10,0,587,2225,0.26,5,2,10,5,0,9,0,26,5,0,0,0,0,13,188,117,1.61
2008,류현진,한화,3.31,26,14,7,0,0,0.667,165+2/3,144,12,67,1,143,66,61,1.27,2,1,16,0,684,2685,0.24,22,2,10,5,2,5,0,26,14,0,2,0,0,18,171,148,1.16
2008,정현욱,삼성,3.4,53,10,4,0,11,0.714,127,108,3,55,1,97,51,48,1.28,0,0,1,0,529,1954,0.232,20,3,3,4,0,2,0,7,2,8,5,8,0,11,150,115,1.3
2008,마일영,우리,3.49,28,11,11,0,0,0.5,173,155,11,57,12,83,77,67,1.23,1,0,19,0,712,2658,0.244,21,4,6,1,0,4,0,28,11,0,1,0,0,25,243,156,1.56
2008,장원준,롯데,3.53,26,12,10,0,0,0.545,155+2/3,162,12,54,4,102,75,61,1.39,4,1,13,0,675,2488,0.27,22,0,10,7,4,5,0,26,12,0,4,0,0,15,182,161,1.13
2008,송승준,롯데,3.76,26,12,7,0,0,0.632,153+1/3,154,7,70,6,114,78,64,1.46,2,1,14,0,663,2521,0.268,24,2,9,3,3,6,0,26,12,0,2,0,0,19,162,148,1.09
2008,윤성환,삼성,3.92,35,10,11,0,2,0.476,135+1/3,132,8,45,7,102,66,59,1.31,0,0,7,0,580,2241,0.256,24,3,5,7,0,3,0,24,8,2,4,1,0,7,121,168,0.72
2008,옥스프링,LG,3.93,29,10,10,0,0,0.5,174,182,12,77,12,110,83,76,1.49,1,0,13,0,767,2915,0.275,36,4,9,6,0,6,0,28,10,0,1,0,0,13,192,184,1.04
2008,송진우,한화,4.48,31,6,8,0,2,0.429,132+2/3,141,13,62,6,73,72,66,1.53,1,0,6,0,582,2240,0.284,18,1,12,5,1,0,0,25,5,1,1,3,0,24,164,124,1.32
2008,랜들,두산,4.48,29,9,9,0,0,0.5,150+2/3,171,15,49,9,101,78,75,1.46,0,0,12,0,664,2563,0.292,38,3,14,6,2,3,2,29,9,0,0,0,0,8,134,186,0.72
2008,정민철,한화,5.23,25,6,10,0,0,0.375,127+1/3,144,13,40,5,56,78,74,1.45,0,0,8,0,554,2023,0.294,19,3,14,5,0,3,0,25,6,0,0,0,0,10,140,154,0.91
2009,김광현,SK,2.8,21,12,2,0,0,0.857,138+1/3,121,14,53,4,112,46,43,1.26,1,0,16,0,568,2199,0.239,11,2,4,0,1,8,0,21,12,0,1,0,0,17,138,136,1.01
2009,전병두,SK,3.11,49,8,4,8,1,0.667,133+1/3,114,13,48,2,136,50,46,1.22,0,0,2,1,554,2198,0.232,13,1,9,4,7,11,1,11,2,6,20,10,0,6,129,116,1.11
2009,로페즈,KIA,3.12,29,14,5,0,0,0.737,190+1/3,200,6,41,10,129,83,66,1.27,4,0,18,0,802,2930,0.271,40,3,7,7,0,3,0,26,14,0,7,0,0,16,251,164,1.53
2009,송은범,SK,3.13,31,12,3,0,0,0.8,149+1/3,155,17,49,5,103,59,52,1.37,1,0,12,0,637,2468,0.269,23,3,4,3,0,4,0,29,12,0,1,0,0,16,187,134,1.4
2009,양현종,KIA,3.15,29,12,5,0,1,0.706,148+2/3,133,14,58,2,139,55,52,1.28,0,0,13,0,627,2491,0.238,28,3,6,3,0,3,0,24,12,0,0,2,0,10,142,147,0.97
2009,구톰슨,KIA,3.24,26,13,4,0,0,0.765,161+1/3,149,15,46,8,95,61,58,1.21,0,0,13,0,667,2476,0.246,26,5,7,1,2,0,0,25,13,0,0,0,0,16,198,164,1.21
2009,봉중근,LG,3.29,26,11,12,0,0,0.478,172+1/3,160,13,57,14,127,70,63,1.26,0,0,19,0,719,2789,0.254,22,0,14,3,0,7,0,26,11,0,0,0,0,23,205,142,1.44
2009,류현진,한화,3.57,28,13,12,0,0,0.52,189+1/3,180,19,67,2,188,80,75,1.3,4,2,17,0,793,3064,0.254,28,0,12,3,3,4,1,27,12,1,4,0,0,22,218,126,1.73
2009,조정훈,롯데,4.05,27,14,9,0,0,0.609,182+1/3,189,23,53,7,175,97,82,1.33,2,2,16,0,784,2664,0.264,38,3,6,2,3,11,0,27,14,0,2,0,0,14,210,144,1.46
2009,장원준,롯데,4.15,28,13,8,0,0,0.619,162+2/3,175,16,82,6,108,83,75,1.58,1,1,12,0,727,2693,0.285,32,0,17,7,5,4,0,28,13,0,1,0,0,19,181,158,1.15
2009,이현승,히어로즈,4.18,30,13,10,0,0,0.565,170,161,25,66,5,120,84,79,1.34,0,0,16,0,716,2815,0.253,27,1,7,2,1,1,1,29,13,0,1,0,0,18,194,163,1.19
2009,윤성환,삼성,4.32,30,14,5,0,0,0.737,166+2/3,163,19,34,10,131,83,80,1.18,2,0,15,0,690,2654,0.257,29,4,6,6,0,3,0,28,13,1,2,0,0,6,143,203,0.7
2009,크루세타,삼성,4.36,30,9,10,0,0,0.474,157,134,11,109,6,127,90,76,1.55,1,1,14,0,700,2760,0.238,25,4,16,5,1,19,0,30,9,0,1,0,0,13,176,132,1.33
2009,송승준,롯데,4.72,29,13,8,0,0,0.619,167+2/3,175,25,68,8,104,92,88,1.45,3,3,13,0,735,2732,0.272,33,2,10,4,4,10,0,29,13,0,3,0,0,16,149,220,0.68
2009,김선우,두산,5.11,29,11,10,0,0,0.524,148,176,18,48,6,89,93,84,1.51,0,0,8,0,649,2465,0.301,31,4,7,3,0,10,0,29,11,0,0,0,0,17,204,118,1.73
2009,안영명,한화,5.18,26,11,8,0,0,0.579,140+2/3,148,34,45,7,87,88,81,1.37,0,0,7,0,609,2381,0.27,24,1,5,3,1,3,0,26,11,0,0,0,0,10,149,168,0.89
2010,류현진,한화,1.82,25,16,4,0,0,0.8,192+2/3,149,11,45,9,187,42,39,1.01,5,3,23,0,756,2834,0.22,25,0,21,4,2,6,1,25,16,0,5,0,0,14,193,152,1.27
2010,김광현,SK,2.37,31,17,7,0,0,0.708,193+2/3,153,13,84,5,183,56,51,1.22,2,1,20,0,797,3129,0.221,22,1,14,1,1,13,0,30,16,1,2,0,0,19,230,128,1.8
2010,카도쿠라,SK,3.22,30,14,7,0,0,0.667,153+2/3,146,14,52,6,143,65,55,1.29,0,0,15,0,647,2510,0.255,16,1,14,2,2,11,0,27,13,1,0,1,0,15,144,142,1.01
2010,히메네스,두산,3.32,27,14,5,0,0,0.737,152,139,7,62,9,87,65,56,1.32,1,0,15,1,654,2512,0.247,17,3,15,6,0,5,0,26,14,0,1,1,0,14,207,135,1.53
2010,서재응,KIA,3.34,24,9,7,0,0,0.563,140,134,10,29,11,68,53,52,1.16,0,0,13,1,572,2131,0.256,29,2,9,0,1,1,0,23,9,0,1,1,0,17,182,139,1.31
2010,장원삼,삼성,3.46,29,13,5,0,0,0.722,151,139,13,44,5,115,62,58,1.21,0,0,12,0,631,2441,0.244,24,2,10,3,1,3,0,28,13,0,0,0,0,7,126,192,0.66
2010,봉중근,LG,3.58,28,10,9,0,0,0.526,178+1/3,166,13,69,14,130,74,71,1.32,0,0,18,0,752,2965,0.257,26,2,19,5,2,11,1,28,10,0,0,0,0,21,185,169,1.09
2010,사도스키,롯데,3.87,27,10,8,0,0,0.556,169+2/3,153,17,54,8,120,83,73,1.22,0,0,16,0,713,2741,0.241,26,1,13,4,0,11,1,26,9,1,0,0,0,11,229,136,1.68
2010,김선우,두산,4.02,28,13,6,0,0,0.684,154+2/3,163,12,50,8,128,77,69,1.38,1,0,16,0,662,2585,0.277,21,2,12,3,1,9,0,28,13,0,1,0,0,12,208,93,2.24
2010,양현종,KIA,4.25,30,16,8,0,0,0.667,169+1/3,169,9,98,6,145,84,80,1.58,1,1,14,0,748,3072,0.272,29,1,17,6,0,3,0,30,16,0,1,0,0,13,152,161,0.94
2010,송승준,롯데,4.39,27,14,6,0,0,0.7,168,156,20,60,9,113,90,82,1.29,1,0,14,0,709,2715,0.251,24,2,13,4,4,10,0,27,14,0,1,0,0,15,181,176,1.03
2010,장원준,롯데,4.43,26,12,6,0,0,0.667,144+1/3,158,24,48,8,113,77,71,1.43,3,2,12,0,623,2384,0.283,19,1,7,2,2,3,1,26,12,0,3,0,0,14,192,97,1.98
2010,로페즈,KIA,4.66,27,4,10,1,0,0.286,166,180,22,43,8,83,92,86,1.34,1,0,12,0,713,2600,0.282,35,3,18,5,2,2,1,26,4,0,2,1,0,10,204,177,1.15
2010,번사이드,넥센,5.34,29,10,10,0,0,0.5,140,150,16,82,18,98,91,83,1.66,0,0,8,0,655,2608,0.279,24,2,9,8,0,8,1,29,10,0,0,0,0,5,118,180,0.66
2010,유원상,한화,5.5,29,5,14,0,0,0.263,142+1/3,164,20,69,2,82,89,87,1.64,1,1,6,0,644,2466,0.296,36,0,14,5,1,10,0,27,5,0,1,0,0,10,139,174,0.8
2011,윤석민,KIA,2.45,27,17,5,1,0,0.773,172+1/3,137,10,44,6,178,53,47,1.05,3,3,18,0,679,2685,0.223,20,2,12,2,0,2,1,25,17,0,5,1,1,20,139,162,0.86
2011,니퍼트,두산,2.55,29,15,6,0,0,0.714,187,150,8,64,10,150,61,53,1.14,2,1,19,0,763,3118,0.225,26,1,18,3,0,10,0,29,15,0,2,0,0,12,162,209,0.78
2011,김선우,두산,3.13,28,16,7,1,0,0.696,175+2/3,188,12,35,6,89,68,61,1.27,2,1,18,0,732,2702,0.281,28,4,14,7,1,4,0,27,16,0,3,1,1,17,240,159,1.51
2011,장원준,롯데,3.14,29,15,6,0,0,0.714,180+2/3,195,7,62,9,129,72,63,1.42,0,0,17,0,774,2999,0.283,33,1,13,0,2,3,0,28,14,1,1,0,0,16,211,155,1.36
2011,윤성환,삼성,3.54,24,14,5,0,0,0.737,137+1/3,151,8,30,3,83,62,54,1.32,0,0,11,0,584,2196,0.282,24,3,12,3,0,4,0,23,13,1,0,0,0,8,130,175,0.74
2011,주키치,LG,3.6,32,10,8,1,0,0.556,187+2/3,174,9,53,1,150,86,75,1.21,1,1,14,0,773,2897,0.25,37,2,19,5,2,7,3,31,10,0,2,1,0,14,206,170,1.21
2011,차우찬,삼성,3.69,24,10,6,0,0,0.625,148+2/3,156,22,62,3,114,75,61,1.47,0,0,12,0,650,2481,0.273,21,1,11,2,0,2,2,24,10,0,0,0,0,11,141,163,0.87
2011,리즈,LG,3.88,30,11,13,0,0,0.458,164+2/3,149,11,84,15,122,79,71,1.41,1,0,16,0,719,2806,0.248,32,5,16,4,0,8,1,28,11,0,2,0,0,16,156,177,0.88
2011,사도스키,롯데,3.91,25,11,8,0,0,0.579,140+1/3,130,15,52,6,79,64,61,1.3,0,0,13,0,587,2214,0.255,22,1,15,5,1,11,0,25,11,0,0,0,0,16,189,116,1.63
2011,로페즈,KIA,3.98,26,11,9,1,0,0.55,153+2/3,153,14,26,9,106,71,68,1.16,1,0,13,0,631,2228,0.264,21,2,15,1,2,3,0,24,10,1,3,1,0,11,193,129,1.5
2011,송승준,롯데,4.18,30,13,10,0,0,0.565,172+1/3,181,17,59,7,126,84,80,1.39,0,0,18,0,730,2951,0.282,30,3,17,5,1,6,1,29,13,0,1,0,0,16,157,183,0.86
2011,박현준,LG,4.18,29,13,10,0,0,0.565,163+2/3,153,13,68,11,137,88,76,1.35,0,0,14,0,711,2680,0.25,22,5,18,2,1,4,1,27,12,1,1,0,0,17,167,157,1.06
2011,고원준,롯데,4.19,36,9,7,2,0,0.563,152+2/3,163,15,59,6,85,77,71,1.45,3,2,11,0,670,2423,0.281,28,2,18,7,1,10,0,22,8,1,9,1,1,12,165,174,0.95
2011,양훈,한화,4.28,27,6,10,0,0,0.375,143,145,15,60,5,110,75,68,1.43,1,1,11,0,625,2511,0.261,23,4,3,1,1,4,0,26,6,0,1,0,0,6,157,145,1.08
2011,나이트,넥센,4.7,30,7,15,0,0,0.318,172+1/3,169,12,98,12,115,98,90,1.55,0,0,14,0,768,3029,0.269,19,0,26,4,0,7,0,30,7,0,0,0,0,13,212,136,1.56
2011,안승민,한화,5.89,29,7,9,0,0,0.438,139,177,22,30,8,90,101,91,1.49,0,0,11,0,618,2244,0.313,27,1,8,7,0,2,1,28,7,0,0,0,0,12,168,137,1.23
2012,나이트,넥센,2.2,30,16,4,0,0,0.8,208+2/3,180,6,53,7,102,60,51,1.12,2,1,27,0,832,3013,0.24,35,1,16,6,1,2,0,30,16,0,2,0,0,19,311,163,1.91
2012,노경은,두산,2.53,42,12,6,0,7,0.667,146,106,6,69,8,133,46,41,1.2,2,2,15,2,608,2296,0.204,17,0,8,4,1,9,0,18,10,2,4,10,0,10,154,129,1.19
2012,유먼,롯데,2.55,29,13,7,0,1,0.65,179+2/3,156,10,56,1,142,58,51,1.18,2,1,18,0,726,2794,0.239,23,0,12,4,0,7,0,28,13,0,2,0,0,12,156,203,0.77
2012,서재응,KIA,2.59,29,9,8,0,0,0.529,160,143,7,51,7,97,51,46,1.21,2,2,16,0,663,2465,0.242,23,1,13,2,5,0,0,27,9,0,2,1,0,16,173,179,0.97
2012,류현진,한화,2.66,27,9,9,0,0,0.5,182+2/3,153,12,46,5,210,58,54,1.09,1,0,22,0,734,2843,0.232,18,1,22,2,6,3,1,27,9,0,1,0,0,9,161,137,1.18
2012,김진우,KIA,2.9,24,10,5,0,0,0.667,133+2/3,110,2,50,10,101,47,43,1.2,2,1,12,0,558,2137,0.228,20,0,10,5,0,5,1,22,10,0,3,0,0,11,181,96,1.89
2012,이용찬,두산,3.0,26,10,11,0,0,0.476,162,154,5,63,6,113,58,54,1.34,3,1,17,0,679,2610,0.259,36,4,12,4,1,7,0,26,10,0,3,0,0,14,175,156,1.12
2012,윤석민,KIA,3.12,28,9,8,0,0,0.529,153,120,9,33,8,137,60,53,1.0,3,2,15,0,619,2377,0.215,26,7,16,3,0,4,2,24,9,0,4,0,0,4,134,171,0.78
2012,니퍼트,두산,3.2,29,11,10,0,0,0.524,194,156,15,68,8,126,70,69,1.15,3,0,20,0,785,3027,0.226,25,3,15,3,0,3,0,28,11,0,3,0,0,18,186,226,0.82
2012,배영수,삼성,3.21,26,12,8,0,0,0.6,160,159,7,39,3,89,64,57,1.24,2,0,15,0,658,2390,0.264,28,3,5,9,1,5,0,25,12,0,2,0,0,13,176,187,0.94
2012,밴헤켄,넥센,3.28,28,11,8,0,0,0.579,170,166,16,60,3,132,68,62,1.33,0,0,16,0,716,2798,0.261,26,0,17,1,1,11,0,28,11,0,0,0,0,14,208,130,1.6
2012,송승준,롯데,3.31,28,7,11,0,0,0.389,163,158,12,57,8,117,73,60,1.32,0,0,15,0,687,2723,0.265,19,0,23,3,0,5,0,28,7,0,0,0,0,19,186,138,1.35
2012,윤희상,SK,3.36,28,10,9,0,0,0.526,163+1/3,164,10,49,6,100,66,61,1.3,0,0,16,0,693,2570,0.262,28,3,9,3,1,5,0,28,10,0,0,0,0,16,198,167,1.19
2012,주키치,LG,3.45,30,11,8,0,1,0.579,177+1/3,179,6,54,4,96,75,68,1.31,0,0,18,0,750,2677,0.268,20,10,19,4,0,9,1,29,11,0,0,0,0,14,240,157,1.53
2012,소사,KIA,3.54,23,9,8,0,0,0.529,147+1/3,137,9,39,8,104,62,58,1.19,4,1,17,0,614,2279,0.252,19,3,17,6,1,3,1,23,9,0,4,0,0,11,174,135,1.29
2012,장원삼,삼성,3.55,27,17,6,0,1,0.739,157,143,9,38,9,127,64,62,1.15,0,0,14,0,649,2511,0.242,19,4,5,5,1,2,0,25,16,1,0,1,0,9,136,191,0.71
2012,리즈,LG,3.69,32,5,12,5,0,0.294,151+1/3,138,6,68,9,144,68,62,1.36,1,0,14,0,656,2554,0.248,21,1,18,5,3,13,1,25,5,0,6,6,0,12,157,122,1.29
2012,앤서니,KIA,3.83,32,11,13,1,0,0.458,171+2/3,174,15,67,7,94,84,73,1.4,0,0,14,0,745,2940,0.265,30,4,10,5,2,5,1,27,10,1,1,1,0,18,231,162,1.43
2012,탈보트,삼성,3.97,25,14,3,0,0,0.824,138+1/3,136,8,54,5,68,63,61,1.37,0,0,12,0,584,2246,0.266,22,0,7,6,1,8,4,25,14,0,0,0,0,14,205,109,1.88
2012,김혁민,한화,4.06,32,8,9,0,1,0.471,146+1/3,137,9,45,9,102,69,66,1.24,1,0,12,0,612,2310,0.254,25,3,13,6,1,15,0,21,7,1,4,0,0,6,143,163,0.88
2012,사도스키,롯데,4.32,29,8,8,0,1,0.5,150,154,9,69,6,98,75,72,1.49,1,0,12,0,656,2618,0.27,16,0,6,5,0,16,0,28,8,0,1,0,0,8,213,110,1.94
2012,김선우,두산,4.52,28,6,9,0,0,0.4,163+1/3,182,13,41,8,63,91,82,1.37,1,0,14,0,691,2589,0.292,31,5,16,3,1,4,0,28,6,0,1,0,0,18,232,148,1.57
2013,찰리,NC,2.48,29,11,7,0,0,0.611,189,175,6,60,14,116,60,52,1.24,0,0,23,0,790,2988,0.255,28,0,21,10,1,6,0,29,11,0,0,0,0,21,223,181,1.23
2013,이재학,NC,2.88,27,10,5,1,0,0.667,156,123,12,59,14,144,53,50,1.17,2,1,17,0,646,2543,0.221,21,3,9,8,2,2,0,24,10,0,4,0,0,14,153,144,1.06
2013,세든,SK,2.98,30,14,6,0,0,0.7,187+1/3,169,14,73,11,160,65,62,1.29,1,0,19,0,780,3150,0.247,28,2,9,2,2,16,1,30,14,0,1,0,0,14,164,194,0.85
2013,리즈,LG,3.06,32,10,13,0,0,0.435,202+2/3,153,11,88,20,188,78,69,1.19,2,1,22,0,837,3214,0.215,23,3,9,7,1,8,0,32,10,0,2,0,0,22,199,180,1.11
2013,윤성환,삼성,3.27,27,13,8,0,0,0.619,170+2/3,167,16,37,4,122,69,62,1.2,1,1,17,0,702,2749,0.259,40,2,9,6,0,4,0,27,13,0,1,0,0,14,168,195,0.86
2013,옥스프링,롯데,3.29,30,13,7,0,0,0.65,183+1/3,164,10,69,11,144,79,67,1.27,1,1,22,0,774,3022,0.244,21,2,15,6,1,2,0,30,13,0,1,0,0,16,182,189,0.96
2013,유희관,두산,3.53,41,10,7,1,3,0.588,145+1/3,141,7,52,7,96,60,57,1.33,0,0,7,1,612,2410,0.262,28,3,10,4,1,2,2,18,8,2,6,5,0,15,143,163,0.88
2013,유먼,롯데,3.54,31,13,4,0,0,0.765,193+1/3,186,19,78,5,141,81,76,1.37,0,0,24,0,829,3124,0.258,27,2,22,3,0,3,0,31,13,0,0,0,0,9,194,203,0.96
2013,에릭,NC,3.63,27,4,11,0,0,0.267,178+1/3,163,12,50,17,127,83,72,1.19,3,0,16,0,744,2714,0.245,24,1,8,5,0,5,0,26,4,0,4,0,0,16,247,132,1.87
2013,밴헤켄,넥센,3.73,29,12,10,0,0,0.545,161+2/3,178,11,58,10,137,78,67,1.46,0,0,16,0,705,2795,0.287,30,3,11,5,0,11,1,29,12,0,0,0,0,18,195,116,1.68
2013,송승준,롯데,3.76,29,12,6,0,0,0.667,167+2/3,171,11,64,4,133,74,70,1.4,0,0,13,0,720,2917,0.267,32,3,9,3,0,4,0,29,12,0,0,0,0,13,172,167,1.03
2013,노경은,두산,3.84,30,10,10,0,0,0.5,180+1/3,171,16,75,6,153,88,77,1.36,0,0,18,0,765,3000,0.254,33,4,10,2,0,8,1,30,10,0,0,0,0,12,206,144,1.43
2013,윤희상,SK,3.87,25,8,6,0,0,0.571,151+1/3,147,17,44,7,120,72,65,1.26,1,0,15,1,642,2445,0.257,28,1,11,8,0,3,1,23,8,0,1,1,0,7,156,157,0.99
2013,우규민,LG,3.91,30,10,8,0,2,0.556,147+1/3,162,5,31,12,92,67,64,1.31,1,1,9,0,635,2324,0.279,25,6,6,5,2,2,0,25,10,0,1,1,0,10,186,146,1.27
2013,밴덴헐크,삼성,3.95,24,7,9,0,0,0.438,143+2/3,127,11,48,11,137,67,63,1.22,0,0,15,0,612,2414,0.238,21,3,16,4,2,3,0,24,7,0,0,0,0,7,130,143,0.91
2013,바티스타,한화,4.2,29,7,7,0,0,0.5,143+2/3,141,9,70,13,150,77,67,1.47,0,0,7,0,640,2558,0.259,20,5,9,3,1,8,1,24,7,0,1,0,0,8,135,122,1.11
2013,강윤구,넥센,4.36,41,6,6,0,7,0.5,130,112,6,75,8,131,69,63,1.44,0,0,4,0,568,2324,0.238,21,2,9,6,0,8,0,17,5,1,5,5,0,4,99,134,0.74
2013,장원삼,삼성,4.38,27,13,10,1,0,0.565,154,165,21,42,9,104,85,75,1.34,1,0,14,0,658,2484,0.277,17,3,9,3,2,6,1,26,13,0,2,0,0,10,139,190,0.73
2013,나이트,넥센,4.43,30,12,10,0,0,0.545,172+2/3,192,10,79,14,129,96,85,1.57,0,0,15,0,769,2997,0.291,29,3,11,5,1,2,0,30,12,0,0,0,0,23,229,115,1.99
2013,김광현,SK,4.47,25,10,9,0,0,0.526,133,128,12,68,4,102,72,66,1.47,0,0,9,1,580,2273,0.259,31,3,7,7,0,9,1,22,10,0,2,1,0,17,144,127,1.13
2013,배영수,삼성,4.71,27,14,4,0,0,0.778,151,193,9,38,14,101,83,79,1.53,0,0,13,0,671,2507,0.32,33,5,12,3,1,5,0,26,14,0,0,0,0,16,186,127,1.46
2013,레이예스,SK,4.84,30,8,13,0,0,0.381,173,157,15,91,7,135,99,93,1.43,2,1,15,0,751,2939,0.249,36,0,17,6,0,11,0,29,8,0,2,0,0,16,204,140,1.46
2013,김혁민,한화,5.4,42,5,10,0,11,0.333,146+2/3,142,25,60,12,96,93,88,1.38,0,0,7,0,635,2363,0.259,24,4,8,7,2,12,0,20,5,0,3,11,0,13,134,182,0.74
2013,소사,KIA,5.47,29,9,9,0,1,0.5,164+2/3,196,11,68,9,143,111,100,1.6,0,0,10,0,748,2941,0.298,28,9,8,5,3,10,1,28,9,0,0,0,0,13,157,167,0.94
2013,이브랜드,한화,5.54,32,6,14,0,0,0.3,172+1/3,190,7,65,10,129,110,106,1.48,2,0,12,0,758,2905,0.287,37,5,16,6,0,11,0,30,6,0,3,0,0,15,204,144,1.42
2014,밴덴헐크,삼성,3.18,25,13,4,0,0,0.765,152+2/3,125,15,45,5,180,54,54,1.11,1,0,16,0,622,2598,0.222,30,1,7,2,0,4,0,25,13,0,1,0,0,6,114,146,0.78
2014,김광현,SK,3.42,28,13,9,0,0,0.591,173+2/3,178,10,81,3,145,77,66,1.49,1,0,15,0,749,3009,0.274,36,4,12,3,1,9,1,28,13,0,1,0,0,21,184,146,1.26
2014,밴헤켄,넥센,3.51,31,20,6,0,0,0.769,187,193,9,53,3,178,81,73,1.32,0,0,18,0,788,3266,0.27,33,5,10,6,0,6,2,31,20,0,0,0,0,17,208,143,1.45
2014,찰리,NC,3.81,28,12,8,0,0,0.6,165+1/3,184,13,55,9,92,90,70,1.45,1,1,16,0,718,2747,0.291,31,0,16,5,0,5,2,28,12,0,1,0,0,25,226,136,1.66
2014,니퍼트,두산,3.81,30,14,7,0,1,0.667,179+1/3,186,17,48,6,158,83,76,1.3,1,0,16,0,760,3007,0.269,20,1,7,7,0,10,0,28,14,0,2,1,0,10,149,206,0.72
2014,리오단,LG,3.96,28,9,10,0,0,0.474,168,177,13,37,10,77,80,74,1.27,2,1,16,0,707,2691,0.274,32,5,9,5,1,8,0,28,9,0,2,0,0,19,191,206,0.93
2014,에릭,NC,4.01,30,8,8,0,0,0.5,172+2/3,169,14,62,14,112,86,77,1.34,1,0,16,0,749,2791,0.258,22,2,10,7,0,5,0,29,8,0,1,0,0,12,225,157,1.43
2014,우규민,LG,4.04,29,11,5,0,0,0.688,153+2/3,170,11,34,12,103,78,69,1.33,0,0,13,0,653,2472,0.284,18,5,4,4,1,2,0,28,11,0,1,0,0,13,189,141,1.34
2014,장원삼,삼성,4.11,24,11,5,0,0,0.688,129+1/3,149,16,37,5,63,70,59,1.44,0,0,11,0,562,2120,0.295,33,2,6,9,0,6,0,24,11,0,0,0,0,15,140,162,0.86
2014,옥스프링,롯데,4.2,32,10,8,0,0,0.556,184+1/3,184,20,63,5,130,93,86,1.34,0,0,16,0,781,3134,0.264,48,1,12,4,1,1,0,31,10,0,1,0,0,13,184,203,0.91
2014,이재학,NC,4.21,29,10,9,0,0,0.526,156,152,16,68,8,131,77,73,1.41,1,0,13,0,668,2595,0.264,28,2,12,4,0,2,0,28,10,0,1,0,0,21,144,153,0.94
2014,양현종,KIA,4.25,29,16,8,0,0,0.667,171+1/3,162,12,77,4,165,85,81,1.39,0,0,17,0,732,2878,0.253,30,6,7,3,1,5,0,29,16,0,0,0,0,16,165,152,1.09
2014,윤성환,삼성,4.39,28,12,7,0,0,0.632,170+1/3,196,18,37,8,133,87,83,1.37,1,1,13,0,728,2807,0.295,30,4,12,6,0,4,0,28,12,0,1,0,0,11,144,198,0.73
2014,유희관,두산,4.42,30,12,9,0,0,0.571,177+1/3,202,21,51,8,112,98,87,1.43,1,0,14,0,779,2992,0.286,41,6,11,3,0,5,0,30,12,0,1,0,0,17,190,205,0.93
2014,장원준,롯데,4.59,27,10,9,0,0,0.526,155,160,15,67,3,107,87,79,1.46,0,0,13,0,674,2622,0.273,27,6,13,4,1,9,0,27,10,0,0,0,0,17,196,128,1.53
2014,마틴,삼성,4.78,23,9,6,0,0,0.6,128,148,10,31,7,84,69,68,1.4,0,0,13,0,562,2118,0.288,36,0,10,1,1,2,2,22,9,0,0,1,0,9,149,133,1.12
2014,류제국,LG,5.12,27,9,7,0,0,0.563,147+2/3,146,13,58,13,128,100,84,1.38,0,0,10,0,661,2641,0.251,30,6,6,3,3,9,0,27,9,0,0,0,0,8,175,135,1.3
2014,이태양,한화,5.29,30,7,10,0,0,0.412,153,183,27,41,7,96,100,90,1.46,0,0,14,0,677,2646,0.298,31,6,7,7,2,10,1,26,7,0,0,0,0,10,143,200,0.72
2014,배영수,삼성,5.45,25,8,6,0,0,0.571,133+2/3,171,14,39,5,111,87,81,1.57,1,0,10,0,597,2319,0.314,39,7,4,4,1,4,1,24,8,0,1,0,0,14,156,111,1.41
2014,앨버스,한화,5.89,28,6,13,0,0,0.316,151+1/3,200,18,40,4,107,108,99,1.59,1,1,10,0,673,2579,0.326,35,7,7,8,0,9,0,28,6,0,1,0,0,8,162,153,1.06
2014,유먼,롯데,5.93,28,12,10,0,0,0.545,151+2/3,196,20,63,3,84,109,100,1.71,0,0,10,0,701,2599,0.322,22,6,20,6,0,3,0,28,12,0,0,0,0,15,166,169,0.98
2014,임준섭,KIA,6.06,29,5,11,0,0,0.313,130+2/3,157,15,67,6,54,95,88,1.71,1,1,3,0,588,2289,0.311,25,4,5,5,1,8,0,24,5,0,2,1,0,24,179,120,1.49
2014,채병용,SK,6.37,27,8,12,0,0,0.4,130,151,27,49,8,87,94,92,1.54,1,0,7,1,585,2376,0.291,32,2,4,5,0,2,0,24,8,0,1,1,0,8,128,158,0.81
2015,양현종,KIA,2.44,32,15,6,0,1,0.714,184+1/3,150,18,78,7,157,52,50,1.24,1,1,19,0,756,3041,0.232,27,2,19,6,0,6,0,31,15,0,1,1,0,20,159,186,0.85
2015,해커,NC,3.13,31,19,5,0,0,0.792,204,174,14,36,25,164,81,71,1.03,1,0,25,0,833,3075,0.232,34,0,14,7,1,6,0,31,19,0,1,0,0,18,230,189,1.22
2015,피가로,삼성,3.38,25,13,7,0,0,0.65,165,154,16,51,7,117,66,62,1.24,1,0,18,0,688,2617,0.251,26,3,10,7,0,6,0,25,13,0,1,0,0,11,188,161,1.17
2015,우규민,LG,3.42,25,11,9,0,0,0.55,152+2/3,163,13,17,12,119,64,58,1.18,1,0,13,0,621,2256,0.282,26,5,10,4,0,2,0,25,11,0,1,0,0,23,177,123,1.44
2015,린드블럼,롯데,3.56,32,13,11,0,0,0.542,210,196,28,52,12,180,86,83,1.18,2,1,23,0,861,3329,0.25,32,3,10,3,0,12,0,32,13,0,2,0,0,15,220,191,1.15
2015,밴헤켄,넥센,3.62,32,15,8,0,0,0.652,196+2/3,190,14,67,1,193,92,79,1.31,0,0,16,0,825,3278,0.257,36,3,13,5,1,16,0,32,15,0,0,0,0,20,188,172,1.09
2015,김광현,SK,3.72,30,14,6,0,1,0.7,176+2/3,173,19,66,3,160,86,73,1.35,1,1,16,0,754,2896,0.257,33,0,11,2,2,10,0,29,14,0,1,1,0,18,216,125,1.73
2015,윤성환,삼성,3.76,30,17,8,0,0,0.68,194,199,27,30,10,164,86,81,1.18,3,1,17,0,809,3042,0.264,34,4,8,6,0,1,0,30,17,0,3,0,0,11,156,241,0.65
2015,레일리,롯데,3.91,31,11,9,0,0,0.55,179+1/3,182,20,57,15,134,93,78,1.33,1,0,19,0,768,2909,0.267,27,2,9,6,2,13,2,30,11,0,1,0,0,18,231,140,1.65
2015,유희관,두산,3.94,30,18,5,0,0,0.783,189+2/3,193,23,44,4,126,84,83,1.25,1,1,17,0,786,2965,0.269,33,5,14,6,0,4,1,30,18,0,1,0,0,17,208,197,1.06
2015,소사,LG,4.03,32,10,12,0,1,0.455,194+1/3,199,16,36,5,177,102,87,1.21,2,1,19,0,809,3138,0.266,39,7,15,6,0,6,1,30,10,0,3,0,0,14,188,189,0.99
2015,장원준,두산,4.08,30,12,12,0,0,0.5,169+2/3,182,13,68,14,128,86,77,1.47,1,0,17,0,748,2942,0.281,35,2,13,5,1,2,0,30,12,0,1,0,0,18,189,154,1.23
2015,켈리,SK,4.13,30,11,10,0,0,0.524,181,188,16,54,5,139,87,83,1.34,1,0,17,0,775,2878,0.27,28,1,15,4,1,9,2,29,10,1,1,0,0,19,225,149,1.51
2015,옥스프링,KT,4.48,31,12,10,0,0,0.545,185,200,23,66,10,142,104,92,1.44,3,0,15,0,806,3142,0.282,33,0,14,6,0,5,0,31,12,0,3,0,0,18,201,173,1.16
2015,피어밴드,넥센,4.67,30,13,11,0,0,0.542,177+1/3,202,23,61,12,137,101,92,1.48,0,0,18,0,774,2900,0.294,34,7,11,3,1,7,3,30,13,0,0,0,0,16,205,146,1.4
2015,탈보트,한화,4.72,30,10,11,0,0,0.476,156+1/3,153,11,85,13,120,93,82,1.52,1,0,15,0,695,2807,0.262,26,1,11,3,4,11,4,30,10,0,1,0,0,15,208,105,1.98
2015,차우찬,삼성,4.79,31,13,7,0,1,0.65,173,160,28,74,5,194,98,92,1.35,0,0,17,0,743,3069,0.245,36,1,7,4,1,9,1,29,12,1,1,1,0,13,138,165,0.84
2015,루카스,LG,4.93,33,10,11,0,1,0.476,171+2/3,175,11,108,14,151,103,94,1.65,0,0,12,1,785,3261,0.27,21,1,8,6,4,11,1,30,10,0,0,1,0,24,209,120,1.74
2015,스틴슨,KIA,4.96,32,11,10,0,0,0.524,167,190,15,64,14,93,100,92,1.52,0,0,12,0,756,2842,0.288,30,6,13,5,0,4,0,30,11,0,2,0,0,15,249,133,1.87
2015,클로이드,삼성,5.19,28,11,11,0,0,0.5,159+2/3,190,24,38,12,123,103,92,1.43,0,0,14,0,705,2705,0.297,36,0,11,4,0,3,1,28,11,0,0,0,0,12,192,139,1.38
2016,니퍼트,두산,2.95,28,22,3,0,0,0.88,167+2/3,151,15,57,9,142,61,55,1.24,1,1,19,0,701,2737,0.243,19,3,7,6,0,8,0,27,21,1,1,0,0,13,171,164,1.04
2016,장원준,두산,3.32,27,15,6,0,0,0.714,168,161,14,76,9,137,66,62,1.41,0,0,19,0,727,2914,0.255,23,6,7,4,0,8,0,27,15,0,0,0,0,22,196,141,1.39
2016,헥터,KIA,3.4,31,15,5,0,0,0.75,206+2/3,211,7,51,6,139,88,78,1.27,3,1,21,0,868,3334,0.268,34,3,13,12,0,7,0,31,15,0,3,0,0,14,225,223,1.01
2016,켈리,SK,3.68,31,9,8,0,0,0.529,200+1/3,205,15,60,7,152,91,82,1.32,0,0,20,0,846,3090,0.268,35,3,11,3,0,8,2,31,9,0,0,0,0,21,274,137,2.0
2016,양현종,KIA,3.68,31,10,12,0,0,0.455,200+1/3,191,19,77,2,146,96,82,1.34,3,0,22,0,850,3207,0.255,31,2,16,5,0,6,2,31,10,0,3,0,0,21,213,205,1.04
2016,보우덴,두산,3.8,30,18,7,0,0,0.72,180,159,17,54,6,160,83,76,1.18,1,1,17,0,742,3068,0.239,24,2,12,4,0,8,2,30,18,0,1,0,0,14,162,189,0.86
2016,신재영,넥센,3.9,30,15,7,0,0,0.682,168+2/3,192,19,21,11,99,76,73,1.26,0,0,11,0,718,2655,0.286,35,6,7,8,0,2,1,30,15,0,0,0,0,7,150,238,0.63
2016,류제국,LG,4.3,29,13,11,0,0,0.542,161+1/3,152,14,70,21,138,83,77,1.38,1,1,14,0,701,2743,0.255,25,0,5,8,0,13,0,29,13,0,1,0,0,16,180,135,1.33
2016,레일리,롯데,4.34,31,8,10,0,0,0.444,184+2/3,207,21,51,17,147,105,89,1.4,1,1,16,0,808,3052,0.286,36,4,8,7,1,5,2,31,8,0,1,0,0,19,218,160,1.36
2016,윤성환,삼성,4.35,28,11,10,0,0,0.524,180,202,25,41,13,85,95,87,1.35,1,0,16,0,767,2786,0.29,35,3,11,6,0,6,1,28,11,0,1,0,0,18,168,247,0.68
2016,유희관,두산,4.41,30,15,6,0,0,0.714,185+2/3,212,22,58,6,102,95,91,1.45,0,0,15,0,809,3052,0.294,39,3,12,11,0,5,0,29,15,0,0,0,0,19,188,231,0.81
2016,피어밴드,KT,4.45,31,7,13,0,0,0.35,182,231,23,48,10,144,97,90,1.53,0,0,16,0,803,3109,0.319,39,1,13,8,0,6,3,30,7,0,0,0,0,20,184,173,1.06
2016,스튜어트,NC,4.56,27,12,8,0,0,0.6,150,160,11,55,8,118,79,76,1.43,0,0,12,0,653,2489,0.277,20,0,7,5,1,4,0,27,12,0,0,0,0,13,185,120,1.54
2016,차우찬,삼성,4.73,24,12,6,0,0,0.667,152+1/3,168,16,65,8,120,87,80,1.53,1,0,16,0,671,2681,0.29,30,2,10,9,0,5,0,24,12,0,1,0,0,17,146,154,0.95
2016,소사,LG,5.16,33,10,9,0,0,0.526,199,258,12,38,9,107,121,114,1.49,0,0,17,0,870,3166,0.319,47,8,11,4,2,6,0,33,10,0,0,0,0,21,211,236,0.89
2016,지크,KIA,5.27,30,10,13,0,0,0.435,152,188,16,68,5,125,104,89,1.68,0,0,11,0,705,2819,0.306,30,1,9,9,0,5,1,29,10,0,1,0,0,16,155,155,1.0
2016,린드블럼,롯데,5.28,30,10,13,0,0,0.435,177+1/3,197,28,77,9,148,109,104,1.55,1,0,13,0,791,3106,0.283,36,6,6,4,0,7,0,30,10,0,1,0,0,11,186,168,1.11
2017,피어밴드,KT,3.04,26,8,10,0,0,0.444,160,153,20,31,7,132,67,54,1.15,1,1,20,0,657,2469,0.251,19,4,7,2,0,4,0,26,8,0,1,0,0,15,159,168,0.95
2017,장원준,두산,3.14,29,14,9,0,0,0.609,180+1/3,172,12,51,14,125,70,63,1.24,1,1,18,0,760,3006,0.253,26,2,11,5,2,3,0,29,14,0,1,0,0,19,235,152,1.55
2017,해커,NC,3.42,26,12,7,0,0,0.632,160+1/3,159,14,29,14,97,64,61,1.17,1,0,15,0,672,2424,0.259,19,2,14,2,1,6,2,26,12,0,1,0,0,17,191,168,1.14
2017,차우찬,LG,3.43,28,10,7,0,0,0.588,175+2/3,171,20,38,7,157,75,67,1.19,0,0,16,0,732,2879,0.252,33,4,4,5,0,10,0,28,10,0,0,0,0,11,154,201,0.77
2017,양현종,KIA,3.44,31,20,6,0,0,0.769,193+1/3,209,17,45,0,158,88,74,1.31,1,0,20,0,808,3085,0.278,32,2,7,3,0,14,0,31,20,0,1,0,0,22,190,199,0.95
2017,헥터,KIA,3.48,30,20,5,0,0,0.8,201+2/3,221,21,45,5,149,83,78,1.32,1,0,23,0,854,3161,0.279,36,4,4,6,1,7,0,30,20,0,1,0,0,17,225,204,1.1
2017,켈리,SK,3.6,30,16,7,0,0,0.696,190,204,16,45,11,189,85,76,1.31,0,0,20,0,815,3024,0.272,38,3,5,4,2,9,1,30,16,0,0,0,0,16,223,138,1.62
2017,박세웅,롯데,3.68,28,12,6,0,0,0.667,171+1/3,170,21,56,9,117,74,70,1.32,0,0,17,0,725,2812,0.263,25,1,8,5,2,7,0,28,12,0,0,0,0,17,213,152,1.4
2017,레일리,롯데,3.8,30,13,7,0,0,0.65,187+1/3,199,19,44,17,156,87,79,1.3,1,0,18,0,798,2951,0.274,39,2,5,5,0,3,1,30,13,0,1,0,0,19,211,166,1.27
2017,소사,LG,3.88,30,11,11,1,0,0.5,185+1/3,189,11,38,3,153,86,80,1.22,2,1,16,0,769,2863,0.264,36,9,6,6,0,3,0,29,11,0,3,1,1,17,172,208,0.83
2017,니퍼트,두산,4.06,30,14,8,0,0,0.636,179+2/3,175,20,77,10,161,88,81,1.4,0,0,20,0,782,3161,0.257,35,5,11,2,0,13,0,30,14,0,0,0,0,14,167,181,0.92
2017,박종훈,SK,4.1,29,12,7,0,1,0.632,151+1/3,145,16,61,25,107,74,69,1.36,0,0,7,0,664,2574,0.254,26,0,5,3,1,4,0,28,12,0,0,0,0,12,178,143,1.24
2017,팻딘,KIA,4.14,30,9,7,0,0,0.563,176,211,22,39,16,143,86,81,1.42,1,0,17,0,770,2929,0.304,39,3,15,5,1,3,0,29,9,0,1,0,0,21,173,173,1.0
2017,윤성환,삼성,4.28,28,12,9,0,0,0.571,174+1/3,181,22,37,15,130,86,83,1.25,1,0,15,0,731,2810,0.271,39,4,5,6,0,3,0,28,12,0,1,0,0,16,168,195,0.86
2017,브리검,넥센,4.38,24,10,6,0,0,0.625,144,166,17,26,13,98,77,70,1.33,0,0,14,0,619,2249,0.289,21,4,4,1,0,8,0,24,10,0,0,0,0,20,188,124,1.52
2017,최원태,넥센,4.46,25,11,7,0,0,0.611,149+1/3,161,19,34,12,126,76,74,1.31,0,0,12,0,637,2350,0.276,24,3,6,2,0,5,1,25,11,0,0,0,0,16,162,136,1.19
2017,유희관,두산,4.53,30,11,6,0,1,0.647,188+2/3,228,20,41,10,106,104,95,1.43,2,1,15,0,822,3010,0.304,37,3,13,7,1,5,1,29,11,0,2,1,0,20,198,226,0.88
2017,로치,KT,4.69,28,4,15,0,0,0.211,165,200,18,60,13,99,106,86,1.58,1,0,12,0,743,2693,0.304,33,3,7,5,0,10,1,28,4,0,1,0,0,22,238,125,1.9
2017,문승원,SK,5.33,29,6,12,0,0,0.333,155+1/3,181,25,54,11,86,98,92,1.51,1,0,12,0,695,2701,0.294,32,2,9,5,1,5,1,29,6,0,1,0,0,14,176,178,0.99
2018,린드블럼,두산,2.88,26,15,4,0,0,0.789,168+2/3,142,16,38,8,157,56,54,1.07,0,0,21,0,681,2605,0.226,33,2,5,2,0,10,0,26,15,0,0,0,0,3,122,209,0.58
2018,윌슨,LG,3.07,26,9,4,0,0,0.692,170,158,11,35,6,149,63,58,1.14,1,1,20,0,689,2632,0.247,23,3,6,3,1,10,1,26,9,0,1,0,0,16,219,116,1.89
2018,소사,LG,3.52,27,9,9,0,0,0.5,181+1/3,192,16,28,4,181,83,71,1.21,1,1,18,0,760,2751,0.267,44,1,2,6,1,6,0,27,9,0,1,0,0,14,158,195,0.81
2018,이용찬,두산,3.63,25,15,3,0,0,0.833,144,151,14,36,8,102,62,58,1.3,1,0,16,0,608,2237,0.274,24,1,5,7,2,6,0,24,15,0,2,0,0,16,143,163,0.88
2018,후랭코프,두산,3.74,28,18,3,0,0,0.857,149+1/3,118,12,55,22,134,64,62,1.16,0,0,17,0,621,2624,0.22,17,1,5,3,1,15,0,28,18,0,0,0,0,18,179,108,1.66
2018,브리검,넥센,3.84,31,11,7,0,1,0.611,199,188,19,50,19,175,89,85,1.2,2,1,19,0,829,3089,0.249,28,3,5,1,0,4,0,30,11,0,2,0,0,25,247,145,1.7
2018,켈리,SK,4.09,28,12,7,0,0,0.632,158+1/3,152,18,47,13,161,78,72,1.26,0,0,13,0,674,2497,0.25,28,3,2,4,1,5,2,28,12,0,0,0,0,9,156,143,1.09
2018,양현종,KIA,4.15,29,13,11,0,0,0.542,184+1/3,199,21,43,2,152,88,85,1.31,3,0,17,0,772,2883,0.278,33,0,9,3,1,5,0,29,13,0,3,0,0,19,163,204,0.8
2018,박종훈,SK,4.18,30,14,8,0,0,0.636,159+1/3,158,16,54,20,133,81,74,1.33,0,0,10,0,702,2701,0.254,31,3,3,4,0,3,0,30,14,0,0,0,0,13,172,162,1.06
2018,니퍼트,KT,4.25,29,8,8,0,0,0.5,175+2/3,209,26,39,9,165,88,83,1.41,0,0,20,0,765,2965,0.296,33,4,6,5,2,9,0,28,8,0,0,0,0,15,185,152,1.22
2018,피어밴드,KT,4.3,27,8,8,0,0,0.5,163+1/3,186,24,38,6,141,90,78,1.37,1,0,16,0,707,2723,0.286,27,1,10,3,0,5,0,26,7,1,1,0,0,12,140,186,0.75
2018,문승원,SK,4.6,31,8,9,1,1,0.471,150+2/3,180,24,37,4,122,86,77,1.44,0,0,9,0,656,2509,0.296,33,2,5,2,0,4,0,27,8,0,3,2,0,16,141,167,0.84
2018,헥터,KIA,4.6,29,11,10,0,0,0.524,174,209,25,36,4,137,102,89,1.41,1,0,18,0,753,2871,0.298,31,0,7,5,2,4,1,29,11,0,1,1,0,14,165,195,0.85
2018,샘슨,한화,4.68,30,13,8,0,0,0.619,161+2/3,144,17,79,5,195,91,84,1.38,0,0,15,0,703,3047,0.234,26,1,1,3,0,18,2,29,13,0,0,0,0,8,136,143,0.95
2018,레일리,롯데,4.74,30,11,13,0,0,0.458,178+1/3,180,24,54,18,178,106,94,1.31,0,0,15,0,775,3048,0.263,34,4,7,11,1,4,2,30,11,0,0,0,0,14,214,124,1.73
2018,이재학,NC,4.79,29,5,13,0,0,0.278,152+1/3,157,13,49,10,116,87,81,1.35,1,0,10,0,658,2740,0.266,27,2,4,4,2,6,0,29,5,0,1,0,0,9,174,148,1.18
2018,한현희,넥센,4.79,30,11,7,0,0,0.611,169,208,22,49,20,105,98,90,1.52,0,0,12,0,756,2790,0.307,42,3,5,5,0,6,0,28,10,1,0,0,0,24,207,162,1.28
2018,산체스,SK,4.89,29,8,8,0,1,0.5,145+1/3,161,26,39,7,124,90,79,1.38,0,0,14,1,632,2467,0.277,21,3,4,0,1,12,0,26,8,0,0,1,0,9,163,134,1.22
2018,아델만,삼성,5.05,31,8,12,0,0,0.4,171,202,20,54,11,137,101,96,1.5,0,0,15,0,758,3070,0.296,39,1,5,6,0,7,1,31,8,0,0,0,0,15,170,179,0.95
2018,베렛,NC,5.28,29,6,10,0,0,0.375,155,178,24,59,9,144,94,91,1.53,0,0,11,0,698,2682,0.289,31,2,5,9,0,10,1,29,6,0,0,0,0,13,156,147,1.06
2018,보니야,삼성,5.3,29,7,10,0,0,0.412,168,193,23,63,12,151,111,99,1.52,0,0,15,0,752,2931,0.29,40,2,8,3,1,9,1,29,7,0,0,0,0,22,220,105,2.1
2018,금민철,KT,5.41,29,8,12,0,0,0.4,156+1/3,212,19,68,7,79,104,94,1.79,0,0,11,0,720,2695,0.335,30,1,9,4,1,10,0,29,8,0,0,0,0,32,198,147,1.35
2018,임찬규,LG,5.77,29,11,11,1,0,0.5,146+2/3,195,23,47,13,125,104,94,1.65,0,0,9,0,680,2640,0.321,32,1,7,6,1,6,0,27,11,0,1,0,0,9,152,141,1.08
2018,차우찬,LG,6.09,29,12,10,0,0,0.545,170,177,27,79,10,136,119,115,1.51,1,0,13,0,762,2956,0.269,36,4,4,10,2,10,0,29,12,0,1,0,0,11,148,208,0.71
2018,김원중,롯데,6.94,30,8,7,0,0,0.533,145+1/3,173,28,77,11,137,115,112,1.72,0,0,5,0,681,2717,0.295,37,2,4,3,1,7,0,30,8,0,0,0,0,6,106,173,0.61
2019,양현종,KIA,2.29,29,16,8,0,0,0.667,184+2/3,165,6,33,2,163,56,47,1.07,2,2,22,0,731,2699,0.241,32,1,3,9,0,1,0,29,16,0,2,0,0,14,164,201,0.82
2019,린드블럼,두산,2.5,30,20,3,0,0,0.87,194+2/3,165,13,29,6,189,57,54,1.0,0,0,22,0,773,2982,0.226,22,3,1,7,0,7,0,30,20,0,0,0,0,9,156,227,0.69
2019,김광현,SK,2.51,31,17,6,0,0,0.739,190+1/3,198,13,38,2,180,64,53,1.24,0,0,24,0,786,2908,0.27,17,0,6,6,1,8,0,30,17,0,1,0,0,22,205,157,1.31
2019,켈리,LG,2.55,29,14,12,0,0,0.538,180+1/3,164,7,41,16,126,70,51,1.14,0,0,24,0,747,2758,0.243,33,3,5,11,0,12,0,29,14,0,0,0,0,14,206,189,1.09
2019,산체스,SK,2.62,28,17,5,0,0,0.773,165,151,2,42,2,148,51,48,1.17,0,0,17,0,671,2538,0.244,18,2,2,7,0,11,2,28,17,0,0,0,0,13,182,144,1.26
2019,윌슨,LG,2.92,30,14,7,0,0,0.667,185,171,7,44,10,137,77,60,1.16,1,0,22,0,763,2746,0.245,27,2,8,2,1,6,0,30,14,0,1,0,0,21,261,132,1.98
2019,브리검,키움,2.96,28,13,5,0,0,0.722,158+1/3,148,5,46,12,130,62,52,1.23,0,0,15,0,669,2521,0.245,32,2,4,4,0,7,1,28,13,0,0,0,0,12,182,147,1.24
2019,루친스키,NC,3.05,30,9,9,0,0,0.5,177+1/3,164,13,45,11,119,68,60,1.18,2,0,17,0,731,2700,0.247,20,1,5,5,0,7,0,30,9,0,2,0,0,22,219,168,1.3
2019,요키시,키움,3.13,30,13,9,0,0,0.591,181+1/3,166,9,39,11,141,72,63,1.13,1,1,19,0,746,2762,0.241,33,5,4,3,0,6,0,30,13,0,1,0,0,15,245,140,1.75
2019,유희관,두산,3.25,28,11,8,0,0,0.579,166+1/3,171,8,42,3,64,67,60,1.28,2,0,17,0,692,2584,0.27,37,2,6,7,3,2,0,27,11,0,2,0,0,19,183,223,0.82
2019,최원태,키움,3.38,27,11,5,0,0,0.688,157+1/3,165,5,36,5,105,68,59,1.28,0,0,18,0,666,2447,0.268,28,2,5,4,0,5,0,27,11,0,0,0,0,16,193,157,1.23
2019,채드벨,한화,3.5,29,11,10,0,0,0.524,177+1/3,169,14,63,10,134,73,69,1.31,0,0,15,0,749,2843,0.256,33,2,11,4,0,8,1,29,11,0,0,0,0,18,185,177,1.05
2019,서폴드,한화,3.51,31,12,11,0,0,0.522,192+1/3,191,8,54,8,135,84,75,1.27,0,0,20,0,810,3142,0.259,28,4,5,5,1,8,0,31,12,0,0,0,0,17,221,196,1.13
2019,쿠에바스,KT,3.62,30,13,10,0,0,0.565,184,153,18,63,12,135,80,74,1.17,0,0,18,0,760,2896,0.227,21,6,7,5,0,4,0,30,13,0,0,0,0,17,172,218,0.79
2019,이영하,두산,3.64,29,17,4,0,0,0.81,163+1/3,148,5,61,10,90,70,66,1.28,1,0,17,0,692,2646,0.242,28,5,3,7,1,4,2,27,15,2,3,0,0,13,182,198,0.92
2019,문승원,SK,3.88,26,11,7,0,2,0.611,144,130,23,33,3,99,63,62,1.13,0,0,12,0,586,2185,0.239,13,5,2,4,1,0,0,23,11,0,0,2,0,9,143,176,0.81
2019,박종훈,SK,3.88,28,8,11,0,0,0.421,144,157,12,59,13,100,72,62,1.5,0,0,10,0,643,2528,0.28,29,0,6,5,0,1,0,28,8,0,0,0,0,14,165,143,1.15
2019,레일리,롯데,3.88,30,5,14,0,0,0.263,181,191,10,65,8,140,88,78,1.41,0,0,19,0,791,2933,0.269,32,4,7,1,1,10,1,30,5,0,0,0,0,20,232,148,1.57
2019,알칸타라,KT,4.01,27,11,11,0,0,0.5,172+2/3,189,15,27,8,100,80,77,1.25,1,0,18,0,724,2574,0.278,39,3,8,1,0,2,2,27,11,0,1,0,0,8,185,207,0.89
2019,이용찬,두산,4.07,26,7,10,0,0,0.412,148+1/3,168,15,45,6,102,75,67,1.44,0,0,14,0,651,2350,0.285,28,2,5,6,3,3,0,26,7,0,0,0,0,17,171,154,1.11
2019,차우찬,LG,4.12,29,13,8,0,0,0.619,168+1/3,181,16,59,5,124,87,77,1.43,0,0,13,0,730,2796,0.276,30,1,3,8,0,13,0,28,13,0,0,0,0,13,142,216,0.66
2019,백정현,삼성,4.24,28,8,10,0,0,0.444,157,158,17,56,6,82,85,74,1.36,1,1,12,0,677,2543,0.26,29,4,2,6,0,4,0,27,8,0,1,0,0,11,181,192,0.94
2019,다익손,롯데,4.34,29,6,10,0,0,0.375,149+1/3,164,15,40,6,117,81,72,1.37,0,0,7,0,649,2569,0.278,23,3,4,9,1,4,1,28,5,1,1,0,0,6,116,202,0.57
2019,윌랜드,KIA,4.75,28,8,10,0,0,0.444,165,191,17,59,5,137,95,87,1.52,0,0,14,0,726,2764,0.295,41,1,7,7,1,4,0,28,8,0,0,0,0,15,164,163,1.01
2019,윤성환,삼성,4.77,27,8,13,0,0,0.381,145+1/3,168,14,50,7,65,87,77,1.5,1,1,10,0,643,2340,0.296,34,3,9,9,0,3,0,27,8,0,1,0,0,15,133,211,0.63
2019,김민,KT,4.96,27,6,12,0,0,0.333,150+2/3,175,16,65,4,91,88,83,1.59,0,0,10,0,674,2329,0.292,26,4,5,1,0,4,2,26,6,0,0,0,0,16,205,129,1.59
2019,터너,KIA,5.46,28,7,13,0,0,0.35,153+1/3,179,12,58,17,121,107,93,1.55,1,0,11,0,714,2692,0.284,34,3,2,6,0,14,0,28,7,0,1,0,0,11,190,147,1.29
2020,요키시,키움,2.14,27,12,7,0,0,0.632,159+2/3,144,6,25,6,115,53,38,1.06,0,0,20,0,640,2417,0.237,26,3,2,0,0,3,1,27,12,0,0,0,0,16,219,129,1.7
2020,스트레일리,롯데,2.5,31,15,4,0,0,0.789,194+2/3,148,10,51,7,205,61,54,1.02,0,0,21,0,777,3157,0.209,27,2,6,4,0,4,0,31,15,0,0,0,0,8,153,207,0.74
2020,브룩스,KIA,2.5,23,11,4,0,0,0.733,151+1/3,131,4,24,3,130,43,42,1.02,1,1,16,0,586,2218,0.238,18,0,5,3,0,3,1,23,11,0,1,0,0,20,217,76,2.86
2020,알칸타라,두산,2.54,31,20,2,0,0,0.909,198+2/3,174,12,30,9,182,58,56,1.03,1,0,27,0,795,3144,0.232,38,3,2,4,0,3,1,31,20,0,1,0,0,10,186,212,0.88
2020,루친스키,NC,3.05,30,19,5,0,0,0.792,183,173,14,57,11,167,67,62,1.26,0,0,20,0,770,3001,0.25,12,3,10,1,0,11,0,30,19,0,0,0,0,14,183,169,1.08
2020,켈리,LG,3.32,28,15,7,0,0,0.682,173+1/3,160,16,40,11,134,67,64,1.15,1,1,20,0,705,2621,0.247,29,1,3,4,0,4,0,28,15,0,1,0,0,21,190,167,1.14
2020,뷰캐넌,삼성,3.45,27,15,7,0,0,0.682,174+2/3,172,16,50,7,121,71,67,1.27,1,0,18,0,728,2819,0.261,19,2,8,4,0,2,0,27,15,0,1,0,0,35,211,159,1.33
2020,최채흥,삼성,3.58,26,11,6,0,0,0.647,146,131,12,51,7,123,67,58,1.25,1,1,12,0,617,2516,0.237,27,1,2,4,0,3,3,26,11,0,1,0,0,9,131,172,0.76
2020,문승원,SK,3.65,25,6,8,0,0,0.429,145+2/3,136,13,45,6,117,64,59,1.24,1,0,13,0,610,2338,0.248,29,0,5,5,0,2,0,25,6,0,1,0,0,10,134,167,0.8
2020,임찬규,LG,4.08,27,10,9,0,0,0.526,147+2/3,143,14,65,5,138,76,67,1.41,0,0,10,0,641,2601,0.253,29,2,2,4,0,4,0,26,9,1,0,0,0,11,140,148,0.95
2020,쿠에바스,KT,4.1,27,10,8,0,0,0.556,158,152,16,46,9,110,80,72,1.25,0,0,14,0,668,2518,0.253,26,1,5,8,0,4,0,27,10,0,0,0,0,16,176,170,1.04
2020,데스파이네,KT,4.33,35,15,8,0,0,0.652,207+2/3,233,18,68,8,152,105,100,1.45,0,0,18,0,906,3525,0.286,36,1,6,8,1,18,0,34,15,0,0,0,0,25,269,170,1.58
2020,가뇽,KIA,4.34,28,11,8,0,0,0.579,159+2/3,162,7,64,9,141,86,77,1.42,0,0,13,0,702,2809,0.264,33,8,6,10,0,13,0,28,11,0,0,0,0,14,162,158,1.03
2020,윌슨,LG,4.42,25,10,8,0,0,0.556,144+2/3,161,13,39,8,109,81,71,1.38,0,0,14,0,628,2330,0.282,23,2,5,6,0,3,1,25,10,0,0,0,0,13,172,134,1.28
2020,라이트,NC,4.68,29,11,9,0,0,0.55,157+2/3,164,12,63,10,125,87,82,1.44,0,0,13,0,696,2789,0.266,27,2,5,1,0,5,2,29,11,0,0,0,0,13,138,191,0.72
2020,양현종,KIA,4.7,31,11,10,0,0,0.524,172+1/3,180,13,64,5,149,99,90,1.42,0,0,15,0,746,2950,0.271,40,4,9,3,0,7,0,31,11,0,0,0,0,15,157,182,0.86
2020,박세웅,롯데,4.7,28,8,10,0,0,0.444,147+1/3,177,20,47,8,108,85,77,1.52,0,0,8,0,658,2528,0.298,27,2,3,7,0,13,0,28,8,0,0,0,0,14,168,147,1.14
2020,박종훈,SK,4.81,29,13,11,0,0,0.542,157+1/3,146,14,78,22,134,90,84,1.42,0,0,10,0,691,2861,0.249,21,3,2,2,1,5,0,28,12,1,0,0,0,19,160,149,1.07
2020,서폴드,한화,4.91,28,10,13,0,0,0.435,165,203,19,42,13,97,107,90,1.48,1,1,13,0,734,2742,0.304,30,3,5,6,0,10,0,28,10,0,1,0,0,19,211,163,1.29
2020,핀토,SK,6.17,30,6,15,0,0,0.286,162,198,19,90,11,112,121,111,1.78,0,0,12,0,766,2949,0.301,35,1,2,5,3,11,2,30,6,0,0,0,0,18,215,138,1.56
